{"deviceType":"phone","checkEntry":"true","localPropertiesPath":"E:\\DevEco_Studio\\MyApplication\\local.properties","Path":"D:\\Study\\DevEco Studio\\tools\\node\\","note":"false","aceProfilePath":"E:\\DevEco_Studio\\MyApplication\\entry\\.preview\\default\\intermediates\\res\\default\\resources\\base\\profile","isPreview":"true","hapMode":"false","buildMode":"debug","img2bin":"true","projectProfilePath":"E:\\DevEco_Studio\\MyApplication\\build-profile.json5","watchMode":"true","appResource":"E:\\DevEco_Studio\\MyApplication\\entry\\.preview\\default\\intermediates\\res\\default\\ResourceTable.txt","logLevel":"3","stageRouterConfig":{"contents":["{\"module\":{\"pages\":\"$profile:main_pages\",\"name\":\"entry\"}}","{\"src\":[\"pages/Index\",\"pages/chapter5/IndexPage\",\"pages/chapter5/LoginPage\",\"pages/chapter2/HuarangdaoDevPage\",\"pages/chapter2/IndexPage\",\"pages/chapter3/Chapter3Page\",\"pages/chapter2/Index2\"]}"],"paths":["E:\\DevEco_Studio\\MyApplication\\entry\\.preview\\default\\intermediates\\res\\default\\module.json","E:\\DevEco_Studio\\MyApplication\\entry\\.preview\\default\\intermediates\\res\\default\\resources\\base\\profile\\main_pages.json"]},"port":"29913","aceBuildJson":"E:\\DevEco_Studio\\MyApplication\\entry\\.preview\\default\\intermediates\\loader\\default\\loader.json","aceModuleRoot":"E:\\DevEco_Studio\\MyApplication\\entry\\src\\main\\ets","aceSoPath":"E:\\DevEco_Studio\\MyApplication\\entry\\.preview\\cache\\nativeDependencies.txt","cachePath":"E:\\DevEco_Studio\\MyApplication\\entry\\.preview\\cache\\.default","aceModuleBuild":"E:\\DevEco_Studio\\MyApplication\\entry\\.preview\\default\\intermediates\\assets\\default\\ets","aceModuleJsonPath":"E:\\DevEco_Studio\\MyApplication\\entry\\.preview\\default\\intermediates\\res\\default\\module.json"}