{"CACHE_SYNC_FILE_HASH":{"E:\\DevEco_Studio\\MyApplication\\build-profile.json5":"a1b7243a3ba1d52b857380b34e43e3b78927a89d4430bec0cf6a05ee1d8fc0b2","E:\\DevEco_Studio\\MyApplication\\entry\\build-profile.json5":"7b914065bfe2d8da8535e52762f7c874fc70018c37b5ce53ca479e4057c99cd6","E:\\DevEco_Studio\\MyApplication\\entry\\oh-package.json5":"5f9b455103334e6554d3efc2a6f5f61b6e5be6578a70557ff9958dfd9c4790c1","E:\\DevEco_Studio\\MyApplication\\hvigorfile.ts":"5fc0ae72ab787720b0c28b9f9feb85bb3e1110b75bc54f8ac62bed66323e3b77","E:\\DevEco_Studio\\MyApplication\\entry\\hvigorfile.ts":"57dd06d966186b973ec2d591e85d98eed3458f8b4277676a9e85bb9df880936e","E:\\DevEco_Studio\\MyApplication\\.hvigor\\outputs\\sync\\output.json":"64cc0fb85cf7375410c2c9541046fc958d3d681642e6e10a12cf85fd35fc8644","E:\\DevEco_Studio\\MyApplication\\hvigor\\hvigor-config.json5":"ffb37e611467cca617b96a896d943de3d8a62fbe184d5b86b716967d47e45d91","SDK_LOCATION":"D:/Study/DevEco Studio/sdk","E:\\DevEco_Studio\\MyApplication\\oh-package.json5":"b304b86ced961a6dbc5f1503541248c841059c9887eec65260f31c6b162207ab"},"OHPM_INSTALL_FILE_HASH":{"E:\\DevEco_Studio\\MyApplication\\entry\\oh-package.json5":"5f9b455103334e6554d3efc2a6f5f61b6e5be6578a70557ff9958dfd9c4790c1","E:\\DevEco_Studio\\MyApplication\\oh_modules":true,"E:\\DevEco_Studio\\MyApplication\\oh-package.json5":"b304b86ced961a6dbc5f1503541248c841059c9887eec65260f31c6b162207ab","E:\\DevEco_Studio\\MyApplication\\entry\\oh_modules":false}}