{
  "HVIGOR_OHOS_PLUGIN": {
    "MODULE_CONFIG": [
      {
        "MODULE_NAME": "entry",
        "API_TYPE": "stageMode",
        "TARGETS": [
          {
            "name": "546"
          },
          {
            "name": "123"
          }
        ],
        "DEVICE_TYPES": [
          "phone",
          "tablet",
          "2in1"
        ],
        "AOT_COMPILE_MODE": "type"
      }
    ],
    "PROJECT_CONFIG": {
      "PRODUCTS": [
        {
          "NAME": "default",
          "COMPATIBLE_SDK_VERSION": "5.0.0(12)",
          "RUNTIMEOS": "HarmonyOS"
        }
      ],
      "BUILD_MODE_SET": [
        {
          "NAME": "debug"
        },
        {
          "NAME": "release"
        }
      ],
      "MODULES": [
        {
          "TARGETS": [
            {
              "NAME": "default"
            }
          ]
        }
      ],
      "BUILD_MODE": "debug"
    }
  },
  "totalTime": 8747726800,
  "moduleNum": 1,
  "taskTime": {
    "compileArkTS": 0,
    "buildArkTS": 0,
    "compileJS": 0,
    "buildJS": 0,
    "compileResource": 271600,
    "packageHap": 0,
    "signHap": 0
  },
  "isIncremental": true,
  "hasIncremental": true,
  "isParallel": true,
  "IS_DAEMON": true,
  "LOG_LEVEL": "INFO",
  "IS_HVIGORFILE_TYPE_CHECK": false,
  "TASK_TIME": {
    "entry": {
      "PreCheckSyscap": 358100,
      "GeneratePkgContextInfo": 418400,
      "PreviewProcessResource": 2925000,
      "PreviewHookCompileResource": 271600,
      "ReplacePreviewerPage": 317600,
      "buildPreviewerResource": 242100,
      "PreviewArkTS": 8477022200,
      "PreviewBuild": 299900
    }
  },
  "BUILD_ID": "202409121802543950"
}
