{"E:\\DevEco_Studio\\MyApplication\\AppScope\\app.json5":{"hashValue":"e1bc3676cb92881d344b2268c50acf2f","name":"app.json5","path":"E:\\DevEco_Studio\\MyApplication\\AppScope\\app.json5","type":"file","isSymbolicLink":false,"fileMetaData":{"size":220,"lastModifiedTime":1726123564108}},"E:\\DevEco_Studio\\MyApplication\\entry\\src\\main\\module.json5":{"hashValue":"231cae99a691b1a8c80b0199a8d3ae76","name":"module.json5","path":"E:\\DevEco_Studio\\MyApplication\\entry\\src\\main\\module.json5","type":"file","isSymbolicLink":false,"fileMetaData":{"size":1342,"lastModifiedTime":1726123564112}},"E:\\DevEco_Studio\\MyApplication\\build-profile.json5":{"hashValue":"261f71ec8e4db004e1598c595f93e7de","name":"build-profile.json5","path":"E:\\DevEco_Studio\\MyApplication\\build-profile.json5","type":"file","isSymbolicLink":false,"fileMetaData":{"size":714,"lastModifiedTime":1726123564141}},"E:\\DevEco_Studio\\MyApplication\\entry\\build-profile.json5":{"hashValue":"18fc788d9244601e6d8451dda9c7292b","name":"build-profile.json5","path":"E:\\DevEco_Studio\\MyApplication\\entry\\build-profile.json5","type":"file","isSymbolicLink":false,"fileMetaData":{"size":449,"lastModifiedTime":1726123564164}},"E:\\DevEco_Studio\\MyApplication\\entry\\src\\main\\resources\\base\\profile\\main_pages.json":{"hashValue":"d2b8414c02719618c33044e07d8064f1","name":"main_pages.json","path":"E:\\DevEco_Studio\\MyApplication\\entry\\src\\main\\resources\\base\\profile\\main_pages.json","type":"file","isSymbolicLink":false,"fileMetaData":{"size":237,"lastModifiedTime":1726128326414}},"E:\\DevEco_Studio\\MyApplication\\hvigor\\hvigor-config.json5":{"hashValue":"be92d337722f1bec34e9bb3011baf247","name":"hvigor-config.json5","path":"E:\\DevEco_Studio\\MyApplication\\hvigor\\hvigor-config.json5","type":"file","isSymbolicLink":false,"fileMetaData":{"size":1323,"lastModifiedTime":1726123544748}},"E:\\DevEco_Studio\\MyApplication\\entry\\src\\mock\\mock-config.json5":{"hashValue":"e79d46eea1a05a09d6338aad3b0a8f8f","name":"mock-config.json5","path":"E:\\DevEco_Studio\\MyApplication\\entry\\src\\mock\\mock-config.json5","type":"file","isSymbolicLink":false,"fileMetaData":{"size":3,"lastModifiedTime":1726123544987}},"E:\\DevEco_Studio\\MyApplication\\entry\\oh-package.json5":{"hashValue":"466ee0b8ccbd4f3072af750002473411","name":"oh-package.json5","path":"E:\\DevEco_Studio\\MyApplication\\entry\\oh-package.json5","type":"file","isSymbolicLink":false,"fileMetaData":{"size":183,"lastModifiedTime":1726123544828}},"E:\\DevEco_Studio\\MyApplication\\entry\\.preview\\default\\intermediates\\merge_profile\\default\\module.json":{"hashValue":"c919ab6421536557e1f3dd01f1bdfb59","name":"module.json","path":"E:\\DevEco_Studio\\MyApplication\\entry\\.preview\\default\\intermediates\\merge_profile\\default\\module.json","type":"file","isSymbolicLink":false,"fileMetaData":{"size":1550,"lastModifiedTime":1726123890949}},"E:\\DevEco_Studio\\MyApplication\\entry\\.preview\\default\\generated\\profile\\default\\BuildProfile.ets":{"hashValue":"9c8977046fac47bfb116d49b4a2c8d14","name":"BuildProfile.ets","path":"E:\\DevEco_Studio\\MyApplication\\entry\\.preview\\default\\generated\\profile\\default\\BuildProfile.ets","type":"file","isSymbolicLink":false,"fileMetaData":{"size":868,"lastModifiedTime":1726123890956}},"E:\\DevEco_Studio\\MyApplication\\entry\\.preview\\default\\intermediates\\process_profile\\default\\module.json":{"hashValue":"1f7f20cdc60fd72f41216b0329a86a73","name":"module.json","path":"E:\\DevEco_Studio\\MyApplication\\entry\\.preview\\default\\intermediates\\process_profile\\default\\module.json","type":"file","isSymbolicLink":false,"fileMetaData":{"size":1636,"lastModifiedTime":1726123891077}},"E:\\DevEco_Studio\\MyApplication\\oh-package.json5":{"hashValue":"350df52a855851df4ff7f34349b4188d","name":"oh-package.json5","path":"E:\\DevEco_Studio\\MyApplication\\oh-package.json5","type":"file","isSymbolicLink":false,"fileMetaData":{"size":210,"lastModifiedTime":1726123564158}},"E:\\DevEco_Studio\\MyApplication\\entry\\.preview\\default\\intermediates\\router_map\\default\\temp-router-map.json":{"hashValue":"9e2806f0b747864ee2c1fe027ab01f23","name":"temp-router-map.json","path":"E:\\DevEco_Studio\\MyApplication\\entry\\.preview\\default\\intermediates\\router_map\\default\\temp-router-map.json","type":"file","isSymbolicLink":false,"fileMetaData":{"size":16,"lastModifiedTime":1726123891087}},"E:\\DevEco_Studio\\MyApplication\\entry\\.preview\\default\\intermediates\\router_map\\default\\loader-router-map.json":{"hashValue":"d30c5d53de7df2b2b9876e3f1197cdec","name":"loader-router-map.json","path":"E:\\DevEco_Studio\\MyApplication\\entry\\.preview\\default\\intermediates\\router_map\\default\\loader-router-map.json","type":"file","isSymbolicLink":false,"fileMetaData":{"size":16,"lastModifiedTime":1726123891087}},"E:\\DevEco_Studio\\MyApplication\\entry\\.preview\\default\\intermediates\\loader\\default\\loader.json":{"hashValue":"e407d7477352b285a518e61cc70d3553","name":"loader.json","path":"E:\\DevEco_Studio\\MyApplication\\entry\\.preview\\default\\intermediates\\loader\\default\\loader.json","type":"file","isSymbolicLink":false,"fileMetaData":{"size":796,"lastModifiedTime":1726123891118}},"E:\\DevEco_Studio\\MyApplication\\entry\\src\\main\\resources":{"hashValue":"6c11cbd56a550733b18e1a98163c3eb3","name":"resources","path":"E:\\DevEco_Studio\\MyApplication\\entry\\src\\main\\resources","type":"directory","isSymbolicLink":false,"children":[{"hashValue":"3a47638c08589583d56cc0dde17ff969","name":"base","path":"E:\\DevEco_Studio\\MyApplication\\entry\\src\\main\\resources\\base","type":"directory","isSymbolicLink":false,"children":[{"hashValue":"bfcf061fe06d78dbb49a6ec414b38d55","name":"element","path":"E:\\DevEco_Studio\\MyApplication\\entry\\src\\main\\resources\\base\\element","type":"directory","isSymbolicLink":false,"children":[{"hashValue":"480ddb08dcab102f355e8215450e9753","name":"color.json","path":"E:\\DevEco_Studio\\MyApplication\\entry\\src\\main\\resources\\base\\element\\color.json","type":"file","isSymbolicLink":false,"fileMetaData":{"size":105,"lastModifiedTime":1726123545032}},{"hashValue":"27fcd982a75f7bafc2dbe08de9d131d7","name":"string.json","path":"E:\\DevEco_Studio\\MyApplication\\entry\\src\\main\\resources\\base\\element\\string.json","type":"file","isSymbolicLink":false,"fileMetaData":{"size":247,"lastModifiedTime":1726123564152}}]},{"hashValue":"d1216d6d87e5826a2f4cac39c0fb3558","name":"media","path":"E:\\DevEco_Studio\\MyApplication\\entry\\src\\main\\resources\\base\\media","type":"directory","isSymbolicLink":false,"children":[{"hashValue":"78f20f3671a6bada2db609e197a9ed20","name":"background.png","path":"E:\\DevEco_Studio\\MyApplication\\entry\\src\\main\\resources\\base\\media\\background.png","type":"file","isSymbolicLink":false,"fileMetaData":{"size":57364,"lastModifiedTime":1726123545042}},{"hashValue":"36b5c269efafb2d6748c89f2aa86283f","name":"foreground.png","path":"E:\\DevEco_Studio\\MyApplication\\entry\\src\\main\\resources\\base\\media\\foreground.png","type":"file","isSymbolicLink":false,"fileMetaData":{"size":12430,"lastModifiedTime":1726123545049}},{"hashValue":"b63ce44b1061eea3c0ac526ef7b06a1b","name":"layered_image.json","path":"E:\\DevEco_Studio\\MyApplication\\entry\\src\\main\\resources\\base\\media\\layered_image.json","type":"file","isSymbolicLink":false,"fileMetaData":{"size":109,"lastModifiedTime":1726123545055}},{"hashValue":"e70d95797673b7d60f37ff47373506d5","name":"startIcon.png","path":"E:\\DevEco_Studio\\MyApplication\\entry\\src\\main\\resources\\base\\media\\startIcon.png","type":"file","isSymbolicLink":false,"fileMetaData":{"size":20093,"lastModifiedTime":1726123545070}}]},{"hashValue":"77c8bf0e157d5a246056a0e07a9fffc8","name":"profile","path":"E:\\DevEco_Studio\\MyApplication\\entry\\src\\main\\resources\\base\\profile","type":"directory","isSymbolicLink":false,"children":[{"hashValue":"1bdab673d1343b7ca9de803276fca568","name":"backup_config.json","path":"E:\\DevEco_Studio\\MyApplication\\entry\\src\\main\\resources\\base\\profile\\backup_config.json","type":"file","isSymbolicLink":false,"fileMetaData":{"size":36,"lastModifiedTime":1726123545132}},{"hashValue":"d2b8414c02719618c33044e07d8064f1","name":"main_pages.json","path":"E:\\DevEco_Studio\\MyApplication\\entry\\src\\main\\resources\\base\\profile\\main_pages.json","type":"file","isSymbolicLink":false,"fileMetaData":{"size":237,"lastModifiedTime":1726128326414}}]}]},{"hashValue":"238ab046fce0d65c7075bea8c0716102","name":"en_US","path":"E:\\DevEco_Studio\\MyApplication\\entry\\src\\main\\resources\\en_US","type":"directory","isSymbolicLink":false,"children":[{"hashValue":"7681b6114789729e6a96a6520c4add22","name":"element","path":"E:\\DevEco_Studio\\MyApplication\\entry\\src\\main\\resources\\en_US\\element","type":"directory","isSymbolicLink":false,"children":[{"hashValue":"231d66a7b7b19f1e79bc5151099fa5c1","name":"string.json","path":"E:\\DevEco_Studio\\MyApplication\\entry\\src\\main\\resources\\en_US\\element\\string.json","type":"file","isSymbolicLink":false,"fileMetaData":{"size":247,"lastModifiedTime":1726123564170}}]}]},{"hashValue":"","name":"rawfile","path":"E:\\DevEco_Studio\\MyApplication\\entry\\src\\main\\resources\\rawfile","type":"directory","isSymbolicLink":false,"children":[]},{"hashValue":"c3e1d2c8b196e60342176a96c43ee9a6","name":"zh_CN","path":"E:\\DevEco_Studio\\MyApplication\\entry\\src\\main\\resources\\zh_CN","type":"directory","isSymbolicLink":false,"children":[{"hashValue":"4a576541e6bfe7a3ffa8d5ea3273e78b","name":"element","path":"E:\\DevEco_Studio\\MyApplication\\entry\\src\\main\\resources\\zh_CN\\element","type":"directory","isSymbolicLink":false,"children":[{"hashValue":"0a462da041b44c7bbef247dbc9b2dcfc","name":"string.json","path":"E:\\DevEco_Studio\\MyApplication\\entry\\src\\main\\resources\\zh_CN\\element\\string.json","type":"file","isSymbolicLink":false,"fileMetaData":{"size":241,"lastModifiedTime":1726123564132}}]}]}]},"E:\\DevEco_Studio\\MyApplication\\entry\\.preview\\default\\intermediates\\res\\default":{"hashValue":"258a22d54d3a9f9909b07b588233309d","name":"default","path":"E:\\DevEco_Studio\\MyApplication\\entry\\.preview\\default\\intermediates\\res\\default","type":"directory","isSymbolicLink":false,"children":[{"hashValue":"9793360db5ae8d85d072d36df833dc22","name":"app_compiled","path":"E:\\DevEco_Studio\\MyApplication\\entry\\.preview\\default\\intermediates\\res\\default\\app_compiled","type":"directory","isSymbolicLink":false,"children":[{"hashValue":"e1febd54a622ab32ebe58a5d37870e98","name":"15610468979260561149","path":"E:\\DevEco_Studio\\MyApplication\\entry\\.preview\\default\\intermediates\\res\\default\\app_compiled\\15610468979260561149","type":"file","isSymbolicLink":false,"fileMetaData":{"size":186,"lastModifiedTime":1726128342633}},{"hashValue":"843dce99f200ab9cdaeea92e4e17d3eb","name":"8496210442311869531","path":"E:\\DevEco_Studio\\MyApplication\\entry\\.preview\\default\\intermediates\\res\\default\\app_compiled\\8496210442311869531","type":"file","isSymbolicLink":false,"fileMetaData":{"size":123,"lastModifiedTime":1726128342632}}]},{"hashValue":"27ebf325762e331c80e7ef346790e6bb","name":"ids_map","path":"E:\\DevEco_Studio\\MyApplication\\entry\\.preview\\default\\intermediates\\res\\default\\ids_map","type":"directory","isSymbolicLink":false,"children":[{"hashValue":"d6fd2d6be41b009210bd9dd119cf320d","name":"id_defined.json","path":"E:\\DevEco_Studio\\MyApplication\\entry\\.preview\\default\\intermediates\\res\\default\\ids_map\\id_defined.json","type":"file","isSymbolicLink":false,"fileMetaData":{"size":941,"lastModifiedTime":1726128342727}}]},{"hashValue":"dab592418c24e57376a54ca7c5fa4c82","name":"mock-config.json","path":"E:\\DevEco_Studio\\MyApplication\\entry\\.preview\\default\\intermediates\\res\\default\\mock-config.json","type":"file","isSymbolicLink":false,"fileMetaData":{"size":2,"lastModifiedTime":1726123898286}},{"hashValue":"a34f0fe9f2e95d458bc5b99510502c8b","name":"module_compiled","path":"E:\\DevEco_Studio\\MyApplication\\entry\\.preview\\default\\intermediates\\res\\default\\module_compiled","type":"directory","isSymbolicLink":false,"children":[{"hashValue":"b3ebd2f333945951bf42d5a45713d944","name":"10972787652834723526","path":"E:\\DevEco_Studio\\MyApplication\\entry\\.preview\\default\\intermediates\\res\\default\\module_compiled\\10972787652834723526","type":"file","isSymbolicLink":false,"fileMetaData":{"size":404,"lastModifiedTime":1726128342662}},{"hashValue":"7d5c3f1e92ce2be9362cb949ea499347","name":"11638276169404515125","path":"E:\\DevEco_Studio\\MyApplication\\entry\\.preview\\default\\intermediates\\res\\default\\module_compiled\\11638276169404515125","type":"file","isSymbolicLink":false,"fileMetaData":{"size":204,"lastModifiedTime":1726128342665}},{"hashValue":"2c304f6dd2fda2cd2a0f73511990dd6b","name":"14471390660717950030","path":"E:\\DevEco_Studio\\MyApplication\\entry\\.preview\\default\\intermediates\\res\\default\\module_compiled\\14471390660717950030","type":"file","isSymbolicLink":false,"fileMetaData":{"size":458,"lastModifiedTime":1726128342667}},{"hashValue":"5155e3de59ac1671bfe1f2b26ef44d5b","name":"1457345770081336818","path":"E:\\DevEco_Studio\\MyApplication\\entry\\.preview\\default\\intermediates\\res\\default\\module_compiled\\1457345770081336818","type":"file","isSymbolicLink":false,"fileMetaData":{"size":204,"lastModifiedTime":1726128342663}},{"hashValue":"30f0c57241cb7af49e501d2f0f956971","name":"15595916932660785729","path":"E:\\DevEco_Studio\\MyApplication\\entry\\.preview\\default\\intermediates\\res\\default\\module_compiled\\15595916932660785729","type":"file","isSymbolicLink":false,"fileMetaData":{"size":452,"lastModifiedTime":1726128342667}},{"hashValue":"40cac91831c6866b816649dc0eae0852","name":"17137042845223523930","path":"E:\\DevEco_Studio\\MyApplication\\entry\\.preview\\default\\intermediates\\res\\default\\module_compiled\\17137042845223523930","type":"file","isSymbolicLink":false,"fileMetaData":{"size":211,"lastModifiedTime":1726128342666}},{"hashValue":"643d34c4f074ccab9980bd79e33fa774","name":"3048051663931277776","path":"E:\\DevEco_Studio\\MyApplication\\entry\\.preview\\default\\intermediates\\res\\default\\module_compiled\\3048051663931277776","type":"file","isSymbolicLink":false,"fileMetaData":{"size":201,"lastModifiedTime":1726128342665}},{"hashValue":"590d421f502e6245f019c344ab9a5ce0","name":"3924224403027314378","path":"E:\\DevEco_Studio\\MyApplication\\entry\\.preview\\default\\intermediates\\res\\default\\module_compiled\\3924224403027314378","type":"file","isSymbolicLink":false,"fileMetaData":{"size":216,"lastModifiedTime":1726128342665}},{"hashValue":"976a11d4e0acc042b880aa9f07e6a7a6","name":"5255531497174139666","path":"E:\\DevEco_Studio\\MyApplication\\entry\\.preview\\default\\intermediates\\res\\default\\module_compiled\\5255531497174139666","type":"file","isSymbolicLink":false,"fileMetaData":{"size":137,"lastModifiedTime":1726128342662}},{"hashValue":"f6bf4ccceafc68815950825e465d528c","name":"5659093426286158331","path":"E:\\DevEco_Studio\\MyApplication\\entry\\.preview\\default\\intermediates\\res\\default\\module_compiled\\5659093426286158331","type":"file","isSymbolicLink":false,"fileMetaData":{"size":220,"lastModifiedTime":1726128342666}}]},{"hashValue":"815efd8554d294f59a47889dabf61293","name":"module.json","path":"E:\\DevEco_Studio\\MyApplication\\entry\\.preview\\default\\intermediates\\res\\default\\module.json","type":"file","isSymbolicLink":false,"fileMetaData":{"size":1816,"lastModifiedTime":1726128342728}},{"hashValue":"3a8698dd0ca65586a62ab5dc41ffbf7a","name":"resources","path":"E:\\DevEco_Studio\\MyApplication\\entry\\.preview\\default\\intermediates\\res\\default\\resources","type":"directory","isSymbolicLink":false,"children":[{"hashValue":"c664c9e423b986b241de29c2b52d2d9a","name":"base","path":"E:\\DevEco_Studio\\MyApplication\\entry\\.preview\\default\\intermediates\\res\\default\\resources\\base","type":"directory","isSymbolicLink":false,"children":[{"hashValue":"ff728c59ce5d6b97af22c240d5ccc3d6","name":"media","path":"E:\\DevEco_Studio\\MyApplication\\entry\\.preview\\default\\intermediates\\res\\default\\resources\\base\\media","type":"directory","isSymbolicLink":false,"children":[{"hashValue":"74c5df882321cb83a8302732cf240548","name":"layered_image.json","path":"E:\\DevEco_Studio\\MyApplication\\entry\\.preview\\default\\intermediates\\res\\default\\resources\\base\\media\\layered_image.json","type":"file","isSymbolicLink":false,"fileMetaData":{"size":95,"lastModifiedTime":1726128342726}}]},{"hashValue":"5949a59fdcb623465dc5b1ed8cfbb53e","name":"profile","path":"E:\\DevEco_Studio\\MyApplication\\entry\\.preview\\default\\intermediates\\res\\default\\resources\\base\\profile","type":"directory","isSymbolicLink":false,"children":[{"hashValue":"1bdab673d1343b7ca9de803276fca568","name":"backup_config.json","path":"E:\\DevEco_Studio\\MyApplication\\entry\\.preview\\default\\intermediates\\res\\default\\resources\\base\\profile\\backup_config.json","type":"file","isSymbolicLink":false,"fileMetaData":{"size":36,"lastModifiedTime":1726123545132}},{"hashValue":"43bd8b9784f023fe1a18be600be8832a","name":"main_pages.json","path":"E:\\DevEco_Studio\\MyApplication\\entry\\.preview\\default\\intermediates\\res\\default\\resources\\base\\profile\\main_pages.json","type":"file","isSymbolicLink":false,"fileMetaData":{"size":194,"lastModifiedTime":1726128342760}}]}]}]},{"hashValue":"f29722e234e6c3205da50c5ef96612b4","name":"resources.index","path":"E:\\DevEco_Studio\\MyApplication\\entry\\.preview\\default\\intermediates\\res\\default\\resources.index","type":"file","isSymbolicLink":false,"fileMetaData":{"size":1659,"lastModifiedTime":1726128342727}},{"hashValue":"b25a7d27fd23ea0ea5e411ffecd6a6d0","name":"ResourceTable.txt","path":"E:\\DevEco_Studio\\MyApplication\\entry\\.preview\\default\\intermediates\\res\\default\\ResourceTable.txt","type":"file","isSymbolicLink":false,"fileMetaData":{"size":373,"lastModifiedTime":1726128342729}}]},"E:\\DevEco_Studio\\MyApplication\\entry\\.preview\\default\\generated\\r\\default":{"hashValue":"4880ee7979df757f7d50239dab858279","name":"default","path":"E:\\DevEco_Studio\\MyApplication\\entry\\.preview\\default\\generated\\r\\default","type":"directory","isSymbolicLink":false,"children":[{"hashValue":"1dbc8c402a1923d7fa0e5abbcdf9a3d7","name":"ResourceTable.h","path":"E:\\DevEco_Studio\\MyApplication\\entry\\.preview\\default\\generated\\r\\default\\ResourceTable.h","type":"file","isSymbolicLink":false,"fileMetaData":{"size":1283,"lastModifiedTime":1726128342729}}]},"E:\\DevEco_Studio\\MyApplication\\entry\\src\\main\\resources\\base\\profile":{"hashValue":"77c8bf0e157d5a246056a0e07a9fffc8","name":"profile","path":"E:\\DevEco_Studio\\MyApplication\\entry\\src\\main\\resources\\base\\profile","type":"directory","isSymbolicLink":false,"children":[{"hashValue":"1bdab673d1343b7ca9de803276fca568","name":"backup_config.json","path":"E:\\DevEco_Studio\\MyApplication\\entry\\src\\main\\resources\\base\\profile\\backup_config.json","type":"file","isSymbolicLink":false,"fileMetaData":{"size":36,"lastModifiedTime":1726123545132}},{"hashValue":"d2b8414c02719618c33044e07d8064f1","name":"main_pages.json","path":"E:\\DevEco_Studio\\MyApplication\\entry\\src\\main\\resources\\base\\profile\\main_pages.json","type":"file","isSymbolicLink":false,"fileMetaData":{"size":237,"lastModifiedTime":1726128326414}}]},"E:\\DevEco_Studio\\MyApplication\\entry\\.preview\\default\\intermediates\\res\\default\\resources\\base\\profile":{"hashValue":"5949a59fdcb623465dc5b1ed8cfbb53e","name":"profile","path":"E:\\DevEco_Studio\\MyApplication\\entry\\.preview\\default\\intermediates\\res\\default\\resources\\base\\profile","type":"directory","isSymbolicLink":false,"children":[{"hashValue":"1bdab673d1343b7ca9de803276fca568","name":"backup_config.json","path":"E:\\DevEco_Studio\\MyApplication\\entry\\.preview\\default\\intermediates\\res\\default\\resources\\base\\profile\\backup_config.json","type":"file","isSymbolicLink":false,"fileMetaData":{"size":36,"lastModifiedTime":1726123545132}},{"hashValue":"43bd8b9784f023fe1a18be600be8832a","name":"main_pages.json","path":"E:\\DevEco_Studio\\MyApplication\\entry\\.preview\\default\\intermediates\\res\\default\\resources\\base\\profile\\main_pages.json","type":"file","isSymbolicLink":false,"fileMetaData":{"size":194,"lastModifiedTime":1726128342760}}]},"E:\\DevEco_Studio\\MyApplication\\entry\\.preview\\default\\intermediates\\res\\default\\module.json":{"hashValue":"815efd8554d294f59a47889dabf61293","name":"module.json","path":"E:\\DevEco_Studio\\MyApplication\\entry\\.preview\\default\\intermediates\\res\\default\\module.json","type":"file","isSymbolicLink":false,"fileMetaData":{"size":1816,"lastModifiedTime":1726128342728}},"E:\\DevEco_Studio\\MyApplication\\entry\\.preview\\default\\intermediates\\res\\default\\resources\\base\\profile\\main_pages.json":{"hashValue":"43bd8b9784f023fe1a18be600be8832a","name":"main_pages.json","path":"E:\\DevEco_Studio\\MyApplication\\entry\\.preview\\default\\intermediates\\res\\default\\resources\\base\\profile\\main_pages.json","type":"file","isSymbolicLink":false,"fileMetaData":{"size":194,"lastModifiedTime":1726128342760}},"E:\\DevEco_Studio\\MyApplication\\entry\\.preview\\default\\intermediates\\loader\\default":{"hashValue":"5ba4ad406f1d4440dea6e864e1476502","name":"default","path":"E:\\DevEco_Studio\\MyApplication\\entry\\.preview\\default\\intermediates\\loader\\default","type":"directory","isSymbolicLink":false,"children":[{"hashValue":"e407d7477352b285a518e61cc70d3553","name":"loader.json","path":"E:\\DevEco_Studio\\MyApplication\\entry\\.preview\\default\\intermediates\\loader\\default\\loader.json","type":"file","isSymbolicLink":false,"fileMetaData":{"size":796,"lastModifiedTime":1726123891118}}]},"E:\\DevEco_Studio\\MyApplication\\entry\\.preview\\default\\intermediates\\res\\default\\ResourceTable.txt":{"hashValue":"b25a7d27fd23ea0ea5e411ffecd6a6d0","name":"ResourceTable.txt","path":"E:\\DevEco_Studio\\MyApplication\\entry\\.preview\\default\\intermediates\\res\\default\\ResourceTable.txt","type":"file","isSymbolicLink":false,"fileMetaData":{"size":373,"lastModifiedTime":1726128342729}},"E:\\DevEco_Studio\\MyApplication\\entry\\src\\main\\ets":{"hashValue":"29d47f00390ba7bdb03f2a4607d10d39","name":"ets","path":"E:\\DevEco_Studio\\MyApplication\\entry\\src\\main\\ets","type":"directory","isSymbolicLink":false,"children":[{"hashValue":"023c423ae75ea1fc2d7b8964ff8cda10","name":"entryability","path":"E:\\DevEco_Studio\\MyApplication\\entry\\src\\main\\ets\\entryability","type":"directory","isSymbolicLink":false,"children":[{"hashValue":"a76c301c6b01136965dc05eeb2f0b4ce","name":"EntryAbility.ets","path":"E:\\DevEco_Studio\\MyApplication\\entry\\src\\main\\ets\\entryability\\EntryAbility.ets","type":"file","isSymbolicLink":false,"fileMetaData":{"size":1474,"lastModifiedTime":1726123564137}}]},{"hashValue":"200d773c4b644b41cf338dcc4322d5b5","name":"entrybackupability","path":"E:\\DevEco_Studio\\MyApplication\\entry\\src\\main\\ets\\entrybackupability","type":"directory","isSymbolicLink":false,"children":[{"hashValue":"9578d16b288927438aec28f596f4e086","name":"EntryBackupAbility.ets","path":"E:\\DevEco_Studio\\MyApplication\\entry\\src\\main\\ets\\entrybackupability\\EntryBackupAbility.ets","type":"file","isSymbolicLink":false,"fileMetaData":{"size":436,"lastModifiedTime":1726123564146}}]},{"hashValue":"ba7a03693616e944aa8adbcea21663b7","name":"pages","path":"E:\\DevEco_Studio\\MyApplication\\entry\\src\\main\\ets\\pages","type":"directory","isSymbolicLink":false,"children":[{"hashValue":"5837aa18099cfcbd75de8211eb43f6c6","name":"chapter2","path":"E:\\DevEco_Studio\\MyApplication\\entry\\src\\main\\ets\\pages\\chapter2","type":"directory","isSymbolicLink":false,"children":[{"hashValue":"a729d62c7648a61f6c7ada41e8287579","name":"HuarangdaoDevPage.ets","path":"E:\\DevEco_Studio\\MyApplication\\entry\\src\\main\\ets\\pages\\chapter2\\HuarangdaoDevPage.ets","type":"file","isSymbolicLink":false,"fileMetaData":{"size":0,"lastModifiedTime":1726127411366}},{"hashValue":"547800f146f0f40ec9ada556291b7ba0","name":"Index2.ets","path":"E:\\DevEco_Studio\\MyApplication\\entry\\src\\main\\ets\\pages\\chapter2\\Index2.ets","type":"file","isSymbolicLink":false,"fileMetaData":{"size":870,"lastModifiedTime":1726131494298}},{"hashValue":"9199b74fc95eb5b7c222ae989296441f","name":"IndexPage.ets","path":"E:\\DevEco_Studio\\MyApplication\\entry\\src\\main\\ets\\pages\\chapter2\\IndexPage.ets","type":"file","isSymbolicLink":false,"fileMetaData":{"size":1791,"lastModifiedTime":1726135367524}}]},{"hashValue":"bda8a6194ae2ed28d68288e95a88da39","name":"chapter3","path":"E:\\DevEco_Studio\\MyApplication\\entry\\src\\main\\ets\\pages\\chapter3","type":"directory","isSymbolicLink":false,"children":[{"hashValue":"4ab3819c6fe14a6682f5c4a0879e0643","name":"Chapter3Page.ets","path":"E:\\DevEco_Studio\\MyApplication\\entry\\src\\main\\ets\\pages\\chapter3\\Chapter3Page.ets","type":"file","isSymbolicLink":false,"fileMetaData":{"size":0,"lastModifiedTime":1726127359502}}]},{"hashValue":"82258ccad310b2433329f86b0fb40512","name":"chapter5","path":"E:\\DevEco_Studio\\MyApplication\\entry\\src\\main\\ets\\pages\\chapter5","type":"directory","isSymbolicLink":false,"children":[{"hashValue":"01cb58c8e879c1a021285a4107d7c458","name":"IndexPage.ets","path":"E:\\DevEco_Studio\\MyApplication\\entry\\src\\main\\ets\\pages\\chapter5\\IndexPage.ets","type":"file","isSymbolicLink":false,"fileMetaData":{"size":0,"lastModifiedTime":1726127373935}},{"hashValue":"935b7879f797086e25a302022c4f340f","name":"LoginPage.ets","path":"E:\\DevEco_Studio\\MyApplication\\entry\\src\\main\\ets\\pages\\chapter5\\LoginPage.ets","type":"file","isSymbolicLink":false,"fileMetaData":{"size":0,"lastModifiedTime":1726127392349}}]},{"hashValue":"5ead49b33cadbe8907a7b204b04ef39b","name":"Index.ets","path":"E:\\DevEco_Studio\\MyApplication\\entry\\src\\main\\ets\\pages\\Index.ets","type":"file","isSymbolicLink":false,"fileMetaData":{"size":447,"lastModifiedTime":1726129354827}}]}]},"E:\\DevEco_Studio\\MyApplication\\entry\\.preview\\default\\intermediates\\loader\\default\\pkgContextInfo.json":{"hashValue":"","name":"emptyroot","path":"","type":"unknown","isSymbolicLink":false,"children":[]},"E:\\DevEco_Studio\\MyApplication\\entry\\.preview\\default\\intermediates\\loader_out\\default\\ets":{"hashValue":"","name":"emptyroot","path":"","type":"unknown","isSymbolicLink":false,"children":[]}}