{
  "entry|entry|1.0.0|src/main/ets/entryability/EntryAbility.ts": {
    "version": 3,
    "file": "EntryAbility.ets",
    "sourceRoot": "",
    "sources": [
      "entry/src/main/ets/entryability/EntryAbility.ets"
    ],
    "names": [],
    "mappings": ";;;;;AAIA,MAAM,CAAC,OAAO,OAAO,YAAa,SAAQ,SAAS;IACjD,QAAQ,CAAC,IAAI,EAAE,IAAI,EAAE,WAAW,EAAE,eAAe,CAAC,WAAW,GAAG,IAAI;QAClE,KAAK,CAAC,IAAI,CAAC,MAAM,EAAE,SAAS,EAAE,YAAY,EAAE,kBAAkB,CAAC,CAAC;IAClE,CAAC;IAED,SAAS,IAAI,IAAI;QACf,KAAK,CAAC,IAAI,CAAC,MAAM,EAAE,SAAS,EAAE,YAAY,EAAE,mBAAmB,CAAC,CAAC;IACnE,CAAC;IAED,mBAAmB,CAAC,WAAW,EAAE,MAAM,CAAC,WAAW,GAAG,IAAI;QACxD,yDAAyD;QACzD,KAAK,CAAC,IAAI,CAAC,MAAM,EAAE,SAAS,EAAE,YAAY,EAAE,6BAA6B,CAAC,CAAC;QAE3E,WAAW,CAAC,WAAW,CAAC,aAAa,EAAE,CAAC,GAAG,EAAE,EAAE;YAC7C,IAAI,GAAG,CAAC,IAAI,EAAE;gBACZ,KAAK,CAAC,KAAK,CAAC,MAAM,EAAE,SAAS,EAAE,+CAA+C,EAAE,IAAI,CAAC,SAAS,CAAC,GAAG,CAAC,IAAI,EAAE,CAAC,CAAC;gBAC3G,OAAO;aACR;YACD,KAAK,CAAC,IAAI,CAAC,MAAM,EAAE,SAAS,EAAE,mCAAmC,CAAC,CAAC;QACrE,CAAC,CAAC,CAAC;IACL,CAAC;IAED,oBAAoB,IAAI,IAAI;QAC1B,yDAAyD;QACzD,KAAK,CAAC,IAAI,CAAC,MAAM,EAAE,SAAS,EAAE,YAAY,EAAE,8BAA8B,CAAC,CAAC;IAC9E,CAAC;IAED,YAAY,IAAI,IAAI;QAClB,oCAAoC;QACpC,KAAK,CAAC,IAAI,CAAC,MAAM,EAAE,SAAS,EAAE,YAAY,EAAE,sBAAsB,CAAC,CAAC;IACtE,CAAC;IAED,YAAY,IAAI,IAAI;QAClB,iCAAiC;QACjC,KAAK,CAAC,IAAI,CAAC,MAAM,EAAE,SAAS,EAAE,YAAY,EAAE,sBAAsB,CAAC,CAAC;IACtE,CAAC;CACF",
    "entry-package-info": "entry|1.0.0"
  },
  "entry|entry|1.0.0|src/main/ets/entrybackupability/EntryBackupAbility.ts": {
    "version": 3,
    "file": "EntryBackupAbility.ets",
    "sourceRoot": "",
    "sources": [
      "entry/src/main/ets/entrybackupability/EntryBackupAbility.ets"
    ],
    "names": [],
    "mappings": ";;;AAGA,MAAM,CAAC,OAAO,OAAO,kBAAmB,SAAQ,sBAAsB;IACpE,KAAK,CAAC,QAAQ;QACZ,KAAK,CAAC,IAAI,CAAC,MAAM,EAAE,SAAS,EAAE,aAAa,CAAC,CAAC;IAC/C,CAAC;IAED,KAAK,CAAC,SAAS,CAAC,aAAa,EAAE,aAAa;QAC1C,KAAK,CAAC,IAAI,CAAC,MAAM,EAAE,SAAS,EAAE,yBAAyB,EAAE,IAAI,CAAC,SAAS,CAAC,aAAa,CAAC,CAAC,CAAC;IAC1F,CAAC;CACF",
    "entry-package-info": "entry|1.0.0"
  },
  "entry|entry|1.0.0|src/main/ets/pages/Index.ts": {
    "version": 3,
    "file": "Index.ets",
    "sourceRoot": "",
    "sources": [
      "entry/src/main/ets/pages/Index.ets"
    ],
    "names": [],
    "mappings": ";;;;IAKS,OAAO,GAAE,MAAM;;;MADjB,IAAI;IAFX;;;;;sDAG2B,aAAa;;;KALJ;;;;;;;;;;;;;;;;IAKlC,4CAAgB,MAAM,EAAiB;QAAhC,OAAO;;;QAAP,OAAO,WAAE,MAAM;;;IAEtB;;YACE,MAAM;;YAAN,MAAM,CAWJ,KAAK,CAAC,MAAM;YAXd,MAAM,CAWU,MAAM,CAAC,MAAM;YAX7B,MAAM,CAYL,OAAO,CAAC,EAAE;;;YAXT,IAAI,QAAC,MAAM;;YAAX,IAAI,CACD,QAAQ,CAAC,EAAE;YADd,IAAI,CAED,UAAU,CAAC,UAAU,CAAC,IAAI;YAF7B,IAAI,CAGD,MAAM,CAAC,EAAE;;QAHZ,IAAI;;YAIJ,MAAM,iBAAC,KAAK;;YAAZ,MAAM,CAAQ,KAAK,CAAC,MAAM;YAA1B,MAAM,CACN,OAAO,CAAC,GAAE,EAAE;gBACV,MAAM,CAAC,OAAO,CAAC;oBACb,GAAG,EAAC,uBAAuB;iBAC5B,CAAC,CAAA;YACJ,CAAC;;QALD,MAAM;QALR,MAAM;KAaP",
    "entry-package-info": "entry|1.0.0"
  },
  "entry|entry|1.0.0|src/main/ets/pages/chapter2/HuarangdaoDevPage.ts": {
    "version": 3,
    "file": "HuarangdaoDevPage.ets",
    "sourceRoot": "",
    "sources": [
      "entry/src/main/ets/pages/chapter2/HuarangdaoDevPage.ets"
    ],
    "names": [],
    "mappings": "",
    "entry-package-info": "entry|1.0.0"
  },
  "entry|entry|1.0.0|src/main/ets/pages/chapter2/IndexPage.ts": {
    "version": 3,
    "file": "IndexPage.ets",
    "sourceRoot": "",
    "sources": [
      "entry/src/main/ets/pages/chapter2/IndexPage.ets"
    ],
    "names": [],
    "mappings": ";;;;IAKS,OAAO,GAAE,MAAM;IACf,gBAAgB,GAAE,KAAK,CAAC,MAAM,CAAC;IAC/B,KAAK,GAAE,KAAK,CAAC,KAAK,CAAC,MAAM,CAAC,CAAC;;MAH7B,IAAI;IAFX;;;;;sDAG2B,aAAa;+DACC,CAAC,CAAC,EAAC,CAAC,CAAC;oDACP;YACnC,CAAC,CAAC,EAAC,EAAE,EAAC,CAAC,EAAC,CAAC,CAAC;YACV,CAAC,CAAC,EAAC,CAAC,EAAC,EAAE,EAAC,CAAC,CAAC;YACV,CAAC,CAAC,EAAC,CAAC,EAAC,CAAC,EAAC,EAAE,CAAC;YACV,CAAC,EAAE,EAAC,EAAE,EAAC,EAAE,EAAC,CAAC,CAAC;SACb;;;KAZiC;;;;;;;;;;;;;;;;;;;;;;;;;;IAKlC,4CAAgB,MAAM,EAAiB;QAAhC,OAAO;;;QAAP,OAAO,WAAE,MAAM;;;IACtB,qDAAyB,KAAK,CAAC,MAAM,CAAC,EAAO;QAAtC,gBAAgB;;;QAAhB,gBAAgB,WAAE,KAAK,CAAC,MAAM,CAAC;;;IACtC,0CAAc,KAAK,CAAC,KAAK,CAAC,MAAM,CAAC,CAAC,EAKjC;QALM,KAAK;;;QAAL,KAAK,WAAE,KAAK,CAAC,KAAK,CAAC,MAAM,CAAC,CAAC;;;IAOlC,IAAI,CAAC,QAAQ,EAAE,MAAM,EAAC,QAAQ,EAAC,MAAM,EAAE,SAAS,EAAE,MAAM,EAAC,SAAS,EAAC,MAAM;QACvE,IAAI,IAAI,GAAG,IAAI,CAAC,KAAK,CAAC,QAAQ,CAAC,CAAC,QAAQ,CAAC,CAAC;QAC1C,IAAI,CAAC,KAAK,CAAC,QAAQ,CAAC,CAAC,QAAQ,CAAC,GAAG,IAAI,CAAC,KAAK,CAAC,SAAS,CAAC,CAAC,SAAS,CAAC,CAAA;QACjE,IAAI,CAAC,KAAK,CAAC,SAAS,CAAC,CAAC,SAAS,CAAC,GAAG,IAAI,CAAC;QAExC,IAAI,CAAC,WAAW,EAAE,CAAC;IACrB,CAAC;IACD,WAAW,IAAG,IAAI;QAChB,IAAI,CAAC,KAAK,GAAG,CAAC,GAAG,IAAI,CAAC,KAAK,CAAC,CAAA;IAC9B,CAAC;IACD,UAAU,CAAC,SAAS,EAAE,MAAM,EAAC,SAAS,EAAC,MAAM;QAC3C,IAAI,IAAI,CAAC,WAAW,CAAC,SAAS,EAAE,SAAS,EAAE,IAAI,CAAC,gBAAgB,CAAC,CAAC,CAAC,EAAE,IAAI,CAAC,gBAAgB,CAAC,CAAC,CAAC,CAAC,EAAE;YAC9F,IAAI,CAAC,IAAI,CAAC,IAAI,CAAC,gBAAgB,CAAC,CAAC,CAAC,EAAE,IAAI,CAAC,gBAAgB,CAAC,CAAC,CAAC,EAAE,SAAS,EAAE,SAAS,CAAC,CAAC;YACpF,IAAI,CAAC,gBAAgB,GAAG,CAAC,SAAS,EAAE,SAAS,CAAC,CAAA;SAC/C;IACH,CAAC;IACD,WAAW,CAAC,GAAG,EAAC,MAAM,EACpB,GAAG,EAAC,MAAM,EACV,QAAQ,EAAC,MAAM,EACf,QAAQ,EAAC,MAAM,GACf,OAAO;QACP,OAAO,IAAI,CAAC,GAAG,CAAC,GAAG,GAAG,QAAQ,CAAC,GAAG,IAAI,CAAC,GAAG,CAAC,GAAG,GAAG,QAAQ,CAAC,KAAK,CAAC,CAAC;IACnE,CAAC;IACD,yBAAyB,CAAC,KAAK,EAAE,MAAM,GAAG,MAAM;QAC9C,OAAO,KAAK,KAAK,CAAC,CAAA,CAAC,CAAC,WAAW,CAAA,CAAC,CAAA,WAAW,CAAC;IAC9C,CAAC;IACD,0BAA0B,CAAC,KAAK,EAAC,MAAM,GAAE,MAAM;QAC7C,OAAO,KAAK,KAAK,CAAC,CAAA,CAAC,CAAC,EAAE,CAAC,CAAC,CAAC,KAAK,CAAC,QAAQ,EAAE,CAAA;IAC3C,CAAC;IAED;;YACE,MAAM;;;;YACJ,OAAO;mDAA+B,QAAQ,EAAC,MAAM;;;oBACnD,GAAG;;;;oBACD,OAAO;2DAAkB,QAAQ;;;4BAC/B,MAAM,iBAAC,IAAI,CAAC,0BAA0B,CAAC,IAAI,CAAC,EAAE,EAAC,IAAI,EAAC,UAAU,CAAC,MAAM,EAAC;;4BAAtE,MAAM,CACH,KAAK,CAAC,IAAI;4BADb,MAAM,CAEH,MAAM,CAAC,IAAI;4BAFd,MAAM,CAGH,eAAe,CAAC,IAAI,CAAC,yBAAyB,CAAC,IAAI,CAAC;4BAHvD,MAAM,CAIH,MAAM,CAAC,EAAC,KAAK,EAAC,CAAC,EAAC,KAAK,EAAC,KAAK,CAAC,KAAK,EAAE;;wBAJtC,MAAM;;uDADA,GAAG;;gBAAX,OAAO;gBADT,GAAG;;+CADG,IAAI,CAAC,KAAK;;QAAlB,OAAO;QADT,MAAM;KAaT",
    "entry-package-info": "entry|1.0.0"
  },
  "entry|entry|1.0.0|src/main/ets/pages/chapter3/Chapter3Page.ts": {
    "version": 3,
    "file": "Chapter3Page.ets",
    "sourceRoot": "",
    "sources": [
      "entry/src/main/ets/pages/chapter3/Chapter3Page.ets"
    ],
    "names": [],
    "mappings": "",
    "entry-package-info": "entry|1.0.0"
  },
  "entry|entry|1.0.0|src/main/ets/pages/chapter5/IndexPage.ts": {
    "version": 3,
    "file": "IndexPage.ets",
    "sourceRoot": "",
    "sources": [
      "entry/src/main/ets/pages/chapter5/IndexPage.ets"
    ],
    "names": [],
    "mappings": "",
    "entry-package-info": "entry|1.0.0"
  },
  "entry|entry|1.0.0|src/main/ets/pages/chapter5/LoginPage.ts": {
    "version": 3,
    "file": "LoginPage.ets",
    "sourceRoot": "",
    "sources": [
      "entry/src/main/ets/pages/chapter5/LoginPage.ets"
    ],
    "names": [],
    "mappings": "",
    "entry-package-info": "entry|1.0.0"
  },
  "entry|entry|1.0.0|src/main/ets/pages/chapter2/Index2.ts": {
    "version": 3,
    "file": "Index2.ets",
    "sourceRoot": "",
    "sources": [
      "entry/src/main/ets/pages/chapter2/Index2.ets"
    ],
    "names": [],
    "mappings": ";;;;IAIS,OAAO,GAAE,MAAM;;OAJjB,MAAM;MAGN,KAAK;IAFZ;;;;;sDAG2B,GAAG;;;KAJI;;;;;;;;;;;;;;;;IAIhC,4CAAgB,MAAM,EAAM;QAArB,OAAO;;;QAAP,OAAO,WAAE,MAAM;;;IAEtB;;YACE,MAAM,QAAC,EAAE,KAAK,EAAE,EAAE,EAAE;;YAApB,MAAM,CAqBL,KAAK,CAAC,MAAM;YArBb,MAAM,CAsBL,OAAO,CAAC,EAAE;;;YArBT,IAAI,QAAC,IAAI,CAAC,OAAO;;YAAjB,IAAI,CACD,QAAQ,CAAC,EAAE;YADd,IAAI,CAED,UAAU,CAAC,UAAU,CAAC,IAAI;;QAF7B,IAAI;;YAGJ,MAAM,iBAAC,QAAQ;;YAAf,MAAM,CAAW,OAAO,CAAC,KAAK;YAA9B,MAAM,CAA0B,KAAK,CAAC,MAAM;YAA5C,MAAM,CAAwC,OAAO,CAAC,GAAE,EAAE;YAC1D,CAAC;;QADD,MAAM;;YAEN,MAAM,iBAAC,WAAW;;YAAlB,MAAM,CAAc,OAAO,CAAC,IAAI;YAAhC,MAAM,CAA4B,KAAK,CAAC,MAAM;YAA9C,MAAM,CAA0C,OAAO,CAAC,GAAE,EAAE;gBAC1D,MAAM,CAAC,OAAO,CAAC;oBACb,GAAG,EAAE,0BAA0B;iBAChC,CAAC,CAAA;YACJ,CAAC;;QAJD,MAAM;;YAKN,MAAM,iBAAC,WAAW;;YAAlB,MAAM,CAAc,OAAO,CAAC,KAAK;YAAjC,MAAM,CAA6B,KAAK,CAAC,MAAM;YAA/C,MAAM,CAA2C,OAAO,CAAC,GAAE,EAAE;YAC7D,CAAC;;QADD,MAAM;;YAEN,MAAM,iBAAC,WAAW;;YAAlB,MAAM,CAAc,OAAO,CAAC,KAAK;YAAjC,MAAM,CAA6B,KAAK,CAAC,MAAM;YAA/C,MAAM,CAA2C,OAAO,CAAC,GAAE,EAAE;YAC7D,CAAC;;QADD,MAAM;;YAEN,MAAM,iBAAC,WAAW;;YAAlB,MAAM,CAAc,OAAO,CAAC,KAAK;YAAjC,MAAM,CAA6B,KAAK,CAAC,MAAM;YAA/C,MAAM,CAA2C,OAAO,CAAC,GAAE,EAAE;gBAC3D,MAAM,CAAC,OAAO,CAAC;oBACb,GAAG,EAAE,0BAA0B;iBAChC,CAAC,CAAA;YACJ,CAAC;;QAJD,MAAM;QAfR,MAAM;KAwBP",
    "entry-package-info": "entry|1.0.0"
  }
}